{"name":"3af932ba-452f-44a5-b561-9d6be1e999de","id":"/providers/Microsoft.Flow/flows/3af932ba-452f-44a5-b561-9d6be1e999de","type":"Microsoft.Flow/flows","properties":{"apiId":"/providers/Microsoft.PowerApps/apis/shared_logicflows","displayName":"LOA-PowerAutomate","definition":{"metadata":{"workflowEntityId":null,"creator":{"id":"0a024319-b98a-4f0a-b103-8c21582a3320","type":"User","tenantId":"c6674ff0-7ff8-4517-ba3e-495a405964b3"},"provisioningMethod":"FromDefinition","failureAlertSubscription":true,"clientLastModifiedTime":"2020-07-16T00:34:04.1001821Z"},"$schema":"https://schema.management.azure.com/providers/Microsoft.Logic/schemas/2016-06-01/workflowdefinition.json#","contentVersion":"1.0.0.0","parameters":{"$connections":{"defaultValue":{},"type":"Object"},"$authentication":{"defaultValue":{},"type":"SecureObject"}},"triggers":{"When_an_item_is_created_or_modified":{"recurrence":{"frequency":"Minute","interval":1},"splitOn":"@triggerBody()?['value']","metadata":{"flowSystemMetadata":{"swaggerOperationId":"GetOnUpdatedItems"}},"type":"ApiConnection","inputs":{"host":{"connection":{"name":"@parameters('$connections')['shared_sharepointonline']['connectionId']"},"api":{"runtimeUrl":"https://unitedstates-002.azure-apim.net/apim/sharepointonline"}},"method":"get","path":"/datasets/@{encodeURIComponent(encodeURIComponent('https://matrs007.sharepoint.com/sites/hrweb'))}/tables/@{encodeURIComponent(encodeURIComponent('50e3244b-3843-4ab1-8841-e4d4f506ce4e'))}/onupdateditems","authentication":"@parameters('$authentication')"}}},"actions":{"Get_manager_(V2)":{"runAfter":{},"metadata":{"flowSystemMetadata":{"swaggerOperationId":"Manager_V2"}},"type":"ApiConnection","inputs":{"host":{"connection":{"name":"@parameters('$connections')['shared_office365users']['connectionId']"},"api":{"runtimeUrl":"https://unitedstates-002.azure-apim.net/apim/office365users"}},"method":"get","path":"/codeless/v1.0/users/@{encodeURIComponent(triggerBody()?['Author'])}/manager","authentication":"@parameters('$authentication')"}},"Switch":{"runAfter":{"Get_manager_(V2)":["Succeeded"]},"cases":{"Case":{"case":"New","actions":{"Start_and_wait_for_an_approval":{"runAfter":{},"metadata":{"flowSystemMetadata":{"swaggerOperationId":"StartAndWaitForAnApproval"}},"type":"ApiConnectionWebhook","inputs":{"host":{"connection":{"name":"@parameters('$connections')['shared_approvals']['connectionId']"},"api":{"runtimeUrl":"https://unitedstates-002.azure-apim.net/apim/approvals"}},"body":{"notificationUrl":"@{listCallbackUrl()}","title":"New Request of absence","assignedTo":"@body('Get_manager_(V2)')?['mail']","enableNotifications":true,"enableReassignment":true},"path":"/types/@{encodeURIComponent('Basic')}/subscriptions","authentication":"@parameters('$authentication')"}},"Send_an_email_(V2)":{"runAfter":{"Start_and_wait_for_an_approval":["TimedOut"]},"metadata":{"flowSystemMetadata":{"swaggerOperationId":"SendEmailV2"}},"type":"ApiConnection","inputs":{"host":{"connection":{"name":"@parameters('$connections')['shared_office365']['connectionId']"},"api":{"runtimeUrl":"https://unitedstates-002.azure-apim.net/apim/office365"}},"method":"post","body":{"To":"@triggerBody()?['Author']?['Email']","Subject":"Request for absence approval timed out","Body":"<p>Please, resubmit your request for absence approval.</p>"},"path":"/v2/Mail","authentication":"@parameters('$authentication')"}},"Condition":{"actions":{"Create_item":{"runAfter":{},"metadata":{"flowSystemMetadata":{"swaggerOperationId":"PostItem"}},"type":"ApiConnection","inputs":{"host":{"connection":{"name":"@parameters('$connections')['shared_sharepointonline']['connectionId']"},"api":{"runtimeUrl":"https://unitedstates-002.azure-apim.net/apim/sharepointonline"}},"method":"post","body":{"Title":"@triggerBody()?['Employee_x0020_Name']?['Email']","EventDate":"@triggerBody()?['Begin_x0020_Date']","EndDate":"@triggerBody()?['End_Date']","LOA_x0020_Request_x0020__x0023_":"@{triggerBody()?['ID']}"},"path":"/datasets/@{encodeURIComponent(encodeURIComponent('https://matrs007.sharepoint.com/sites/hrweb'))}/tables/@{encodeURIComponent(encodeURIComponent('Calendar'))}/items","authentication":"@parameters('$authentication')"}},"Send_an_email_(V2)_2":{"runAfter":{"Create_item":["Succeeded"]},"metadata":{"flowSystemMetadata":{"swaggerOperationId":"SendEmailV2"}},"type":"ApiConnection","inputs":{"host":{"connection":{"name":"@parameters('$connections')['shared_office365']['connectionId']"},"api":{"runtimeUrl":"https://unitedstates-002.azure-apim.net/apim/office365"}},"method":"post","body":{"To":"@body('Create_item')?['Author']?['Email']","Subject":"Your vacation request has been Approved by @{triggerBody()?['Supervisor']?['DisplayName']}","Body":"<p>Your vacation request has been Approved by @{triggerBody()?['Supervisor']?['DisplayName']}</p>"},"path":"/v2/Mail","authentication":"@parameters('$authentication')"}}},"runAfter":{"Start_and_wait_for_an_approval":["Succeeded"]},"expression":{"equals":["@body('Start_and_wait_for_an_approval')?['outcome']","Approve"]},"type":"If"}}},"Case_2":{"case":"Change","actions":{"Start_and_wait_for_an_approval_2":{"runAfter":{},"metadata":{"flowSystemMetadata":{"swaggerOperationId":"StartAndWaitForAnApproval"}},"type":"ApiConnectionWebhook","inputs":{"host":{"connection":{"name":"@parameters('$connections')['shared_approvals']['connectionId']"},"api":{"runtimeUrl":"https://unitedstates-002.azure-apim.net/apim/approvals"}},"body":{"notificationUrl":"@{listCallbackUrl()}","title":"Please approve Request for Change Time of Absence","assignedTo":"@body('Get_manager_(V2)')?['mail']","enableNotifications":true,"enableReassignment":true},"path":"/types/@{encodeURIComponent('Basic')}/subscriptions","authentication":"@parameters('$authentication')"}},"Send_an_email_(V2)_3":{"runAfter":{"Start_and_wait_for_an_approval_2":["TimedOut"]},"metadata":{"flowSystemMetadata":{"swaggerOperationId":"SendEmailV2"}},"type":"ApiConnection","inputs":{"host":{"connection":{"name":"@parameters('$connections')['shared_office365']['connectionId']"},"api":{"runtimeUrl":"https://unitedstates-002.azure-apim.net/apim/office365"}},"method":"post","body":{"To":"@triggerBody()?['Author']?['Email']","Subject":"Request for Change approval expired","Body":"<p>Request for approval has changed, please re-send the request or contact your supervisor:<br>\n<br>\n@{triggerBody()?['Supervisor']?['DisplayName']}<br>\n<br>\nThanks.</p>"},"path":"/v2/Mail","authentication":"@parameters('$authentication')"}},"Condition_2":{"actions":{"Get_item":{"runAfter":{},"metadata":{"flowSystemMetadata":{"swaggerOperationId":"GetItem"}},"type":"ApiConnection","inputs":{"host":{"connection":{"name":"@parameters('$connections')['shared_sharepointonline']['connectionId']"},"api":{"runtimeUrl":"https://unitedstates-002.azure-apim.net/apim/sharepointonline"}},"method":"get","path":"/datasets/@{encodeURIComponent(encodeURIComponent('https://matrs007.sharepoint.com/sites/hrweb'))}/tables/@{encodeURIComponent(encodeURIComponent('50e3244b-3843-4ab1-8841-e4d4f506ce4e'))}/items/@{encodeURIComponent(triggerBody()?['ID'])}","authentication":"@parameters('$authentication')"}},"Update_item":{"runAfter":{"Get_item":["Succeeded"]},"metadata":{"flowSystemMetadata":{"swaggerOperationId":"PatchItem"}},"type":"ApiConnection","inputs":{"host":{"connection":{"name":"@parameters('$connections')['shared_sharepointonline']['connectionId']"},"api":{"runtimeUrl":"https://unitedstates-002.azure-apim.net/apim/sharepointonline"}},"method":"patch","body":{"Title":"@body('Get_item')['Title']","EventDate":"@body('Get_item')['Begin_x0020_Date']","EndDate":"@body('Get_item')['End_Date']","LOA_x0020_Request_x0020__x0023_":"@{body('Get_item')?['ID']}"},"path":"/datasets/@{encodeURIComponent(encodeURIComponent('https://matrs007.sharepoint.com/sites/hrweb'))}/tables/@{encodeURIComponent(encodeURIComponent('calendar'))}/items/@{encodeURIComponent(body('Get_item')?['ID'])}","authentication":"@parameters('$authentication')"}},"Send_an_email_(V2)_4":{"runAfter":{"Update_item":["Succeeded"]},"metadata":{"flowSystemMetadata":{"swaggerOperationId":"SendEmailV2"}},"type":"ApiConnection","inputs":{"host":{"connection":{"name":"@parameters('$connections')['shared_office365']['connectionId']"},"api":{"runtimeUrl":"https://unitedstates-002.azure-apim.net/apim/office365"}},"method":"post","body":{"To":"@body('Update_item')?['Author']?['Email']","Subject":"Your request for change has been approved and added to the calendar.","Body":"<p>Your request for change has been approved and added to the calendar.</p>"},"path":"/v2/Mail","authentication":"@parameters('$authentication')"}}},"runAfter":{"Start_and_wait_for_an_approval_2":["Succeeded"]},"else":{"actions":{"Apply_to_each":{"foreach":"@body('Start_and_wait_for_an_approval_2')?['responses']","actions":{"Send_an_email_(V2)_5":{"runAfter":{},"metadata":{"flowSystemMetadata":{"swaggerOperationId":"SendEmailV2"}},"type":"ApiConnection","inputs":{"host":{"connection":{"name":"@parameters('$connections')['shared_office365']['connectionId']"},"api":{"runtimeUrl":"https://unitedstates-002.azure-apim.net/apim/office365"}},"method":"post","body":{"To":"@triggerBody()?['Author']?['Email']","Subject":"REJECTED: Your request for change has been rejected.","Body":"<p>Your request for change has been rejected with the following comment:<br>\n<br>\n@{items('Apply_to_each')?['comments']}</p>"},"path":"/v2/Mail","authentication":"@parameters('$authentication')"}}},"runAfter":{},"type":"Foreach"}}},"expression":{"equals":["@body('Start_and_wait_for_an_approval_2')?['outcome']","Approve"]},"type":"If"}}},"Case_3":{"case":"Cancel","actions":{"Delete_item":{"runAfter":{},"metadata":{"flowSystemMetadata":{"swaggerOperationId":"DeleteItem"}},"type":"ApiConnection","inputs":{"host":{"connection":{"name":"@parameters('$connections')['shared_sharepointonline']['connectionId']"},"api":{"runtimeUrl":"https://unitedstates-002.azure-apim.net/apim/sharepointonline"}},"method":"delete","path":"/datasets/@{encodeURIComponent(encodeURIComponent('https://matrs007.sharepoint.com/sites/hrweb'))}/tables/@{encodeURIComponent(encodeURIComponent('calendar'))}/items/@{encodeURIComponent(triggerBody()?['ID'])}","authentication":"@parameters('$authentication')"}},"Get_items":{"runAfter":{"Delete_item":["Succeeded"]},"metadata":{"flowSystemMetadata":{"swaggerOperationId":"GetItems"}},"type":"ApiConnection","inputs":{"host":{"connection":{"name":"@parameters('$connections')['shared_sharepointonline']['connectionId']"},"api":{"runtimeUrl":"https://unitedstates-002.azure-apim.net/apim/sharepointonline"}},"method":"get","path":"/datasets/@{encodeURIComponent(encodeURIComponent('https://matrs007.sharepoint.com/sites/hrweb'))}/tables/@{encodeURIComponent(encodeURIComponent('calendar'))}/items","authentication":"@parameters('$authentication')"}}}}},"default":{"actions":{}},"expression":"@triggerBody()?['Request_x0020_Status']?['Value']","type":"Switch"}}},"connectionReferences":{"shared_approvals":{"connectionName":"shared-approvals-1d8532cd-4859-4830-b577-774565c8f864","source":"Embedded","id":"/providers/Microsoft.PowerApps/apis/shared_approvals","tier":"NotSpecified"},"shared_office365users":{"connectionName":"6d8c89e1f7bc44d38ad9d1b7b93e4225","source":"Embedded","id":"/providers/Microsoft.PowerApps/apis/shared_office365users","tier":"NotSpecified"},"shared_office365":{"connectionName":"2b86ed961e284c95a06b610e1dc0717f","source":"Embedded","id":"/providers/Microsoft.PowerApps/apis/shared_office365","tier":"NotSpecified"},"shared_sharepointonline":{"connectionName":"70a40a0e64ad4c32a1e17c5dde7fa756","source":"Embedded","id":"/providers/Microsoft.PowerApps/apis/shared_sharepointonline","tier":"NotSpecified"}},"flowFailureAlertSubscribed":false}}